componente,varianza_explicada,varianza_explicada_pct,varianza_acumulada_pct
PC1,0.7385505449380497,73.85505449380497,73.85505449380497
PC2,0.12811417642465667,12.811417642465667,86.66647213627063
